{"loss": 7.488935751914978, "_timestamp": 1664444204.7530916, "_runtime": 71.87282252311707, "_step": 1, "_wandb": {"runtime": 73}}